Date;Joséphine;Albertine;Cunégonde;Valérie;Pioupioute;Rémiel;Nina et Tina;Marans;Tina;T°C (12h-15h);T°C nuit;H %;THI;Pluie(mm);Météo;Commentaires
01/01/2024;;x;;;;;;1;;15;5;38,00%;;;beau;pas se fier aux noms des marans mais juste à la colonne marans
02/01/2024;;;x;;;;;;;13;8;44,00%;;;éclaircies;
03/01/2024;;x;;;;;;1;;12;10;61,00%;;1;gris/pluie;
04/01/2024;;;x;;;;;;;14;7;42,00%;;;beau;
05/01/2024;;x;;x ?;;;;1;;6;6;78,00%;;12;pluie;
06/01/2024;;;;;;;;;;5;3;82,00%;;10;pluie;
07/01/2024;;x;x;;;;;1;;3;0;60,00%;;;gris;
08/01/2024;;;;;;;;;;4;1;59,00%;;;gris;
09/01/2024;;;x;;;;;;;4;-2;58,00%;;;beau;
10/01/2024;;;;;;;;;;3;2;71,00%;;;gris;-4°c ce matin
11/01/2024;;;;;;;;;;4;2;70,00%;;4;pluie/neige/éclaircies;
12/01/2024;;;x;;;;;;;6;0;53,00%;;;beau;gelée matinale
13/01/2024;;;;;;;;;;11;4;47,00%;;;beau;gelée matinale
14/01/2024;;;x;;;;;;;15;9;45,00%;;6;voilé/pluie;
15/01/2024;;;;;;;;;;12;10;85,00%;;10;pluie;
16/01/2024;;;x;;;;;;;15;11;53,00%;;;voilé;
17/01/2024;;;;;;;;;;10;7;76,00%;;;gris;
18/01/2024;;;x;;;;;;;19;6;34,00%;;2;beau/couvert/pluie;tempête à 18h30
19/01/2024;;;;x ?;;;;;;3;0;64,00%;;;gris;
20/01/2024;x;;;;;;;;;8;-2;38,00%;;;beau;-4°C ce matin à 6h
21/01/2024;;;x;;;;;;;15;4;31,00%;;;beau;-4°C ce matin 6h
22/01/2024;x;;x;;;;;;;11;10;41,00%;;2;voilé/pluie;petite gelée matinale/pluie la nuit
23/01/2024;;;;;;;;;;13;9;45,00%;;;éclaircies;
24/01/2024;;;x;;;;;;;15;8;51,00%;;;voilé;
25/01/2024;x(mou);;;;;;;;;18;8;42,00%;;;beau;
26/01/2024;;;x;;;;;;;13;6;53,00%;;;voilé;
27/01/2024;;;;;;;;;;15;7;47,00%;;;beau;petite gelée matinale
28/01/2024;;;x;;;;;;;16;9;45,00%;;;beau/vent;
29/01/2024;;;x;;;;;;;16;10;44,00%;;;beau/vent;
30/01/2024;;;;;;;x;1;;17;8;40,00%;;;beau/vent;
31/01/2024;;;x;;;;x;2;x ?;16;6;37,00%;;;voilé;petite gelée matinale
01/02/2024;;;x;;;;;;;14;8;53,00%;;;très voilé;
02/02/2024;;;;;;;x;1;;12;9;55,00%;;;éclaircies/gris;très humide ce matin/sol mouillé
03/02/2024;;;x;;;;x;1;;16;7;49,00%;;;brouillard/beau;
04/02/2024;x(mou);;;;;;;;;16;4;54,00%;;;brouillard/beau;petite gelée matinale
05/02/2024;;x;x;;;;;1;;14;6;47,00%;;;brouillard/beau/voilé;petite gelée matinale
06/02/2024;;;;;;;;;;8;4;58,00%;;1;bruine/gris/éclaircies;
07/02/2024;;x;x;;;x?(mou);x;2;;17;10;32,00%;;1;beau/pluie;
08/02/2024;;;;;;;;;;20;10;33,00%;;;beau/vent chaud;
09/02/2024;;x;x;;;;x;2;;12;10;61,00%;;;gris/éclaircies;14°C vers 8h du mat, 19°C à 15h30
10/02/2024;;;x;;;;;;;7;6;79,00%;;15;pluie/vent;
11/02/2024;;x;;;;;x;2;;10;5;55,00%;;;éclaircies/vent;
12/02/2024;;x ?;x;;;;;2;;10;7;70,00%;;2;éclaircies/tempête/pluie;
13/02/2024;;;x;;;;;1;;18;8;36,00%;;;beau;
14/02/2024;;x;;;;;x;2;;22;12;33,00%;;;beau;
15/02/2024;;;x;;;;;;;15;12;58,00%;;;beau/vent;T°C relevée à 11h du mat
16/02/2024;;x;;;;;x;2;;11;8;80,00%;;29;pluie;
17/02/2024;;;x;;;;x;1;x ?;13;6;55,00%;;;éclaircies;
18/02/2024;;;x;;;;;;;13;9;50,00%;;;voilé;
19/02/2024;;;;;;;;;;13;8;69,00%;;;bruine/éclaircies;
20/02/2024;;;x;;;;x;;;10;7;55,00%;;;voilé;T°C relevée à 11h du mat
21/02/2024;;x(cassé);x;;;;2x;3;x ;17;11;34,00%;;;voilé;
22/02/2024;;;x;;;;;;;16;8;55,00%;;6;voilé/couvert/tempête;
23/02/2024;;x;;;;x ?(cassé);x;1;;10;4;46,00%;;2;voilé/vent/pluie;
24/02/2024;;;x;;;;x;;;12;4;30,00%;;2;pluie/éclaircies/vent;
25/02/2024;;;;;;;x;1;x ?;9;7;83,00%;;13;pluie;
26/02/2024;;x;x;;;;;1;;13;7;40,00%;;8;éclaircies/pluie/vent;
27/02/2024;;;x;;;;x;1;;5;4;81,00%;;12;pluie/vent;
28/02/2024;;;;x (malade);;;x;1;;10;4;42,00%;;8;éclaircies/vent;début traitement Valérie
29/02/2024;;;x;;;;;;;13;6;36,00%;;;beau/Pluie/vent;
01/03/2024;;x;x;;;;x;2;;14;7;34,00%;;;beau/vent;
02/03/2024;;x;;;;;x;2;;11;5;54,00%;;;gris;
03/03/2024;;;x;;;;x;;;11;5;48,00%;;17;pluie/éclaircies/vent;
04/03/2024;;x;x;;;;x;2;;14;6;32,00%;;4;beau/voilé/pluie;dernier jour de traitement Valérie
05/03/2024;;x;x;;;;;1;;10;6;38,00%;;3;giboulées;
06/03/2024;;x;;;;;x;3;x;15;oubli;30,00%;;;beau;
07/03/2024;;;x;;;;x;1;;17;9;37,00%;;;voilé/vent;
08/03/2024;;x;x;;;;x;2;;17;6;41,00%;;2;pluie/beau;
09/03/2024;;x;;;;;;1;;14;8;50,00%;;;gris;orage sec dans la nuit
10/03/2024;;x;x;;;;x;2;;16;8;25,00%;;;dégagé;
11/03/2024;;x;x;;;;x;2;;6;6;78,00%;;17;pluie/vent;
12/03/2024;;x ?;;;;;;2;x;15;8;33,00%;;;beau;
13/03/2024;;x;x;x;;;;;;20;8;33,00%;;;beau;
14/03/2024;;x;x;;;;x;2;;21;10;41,00%;;;voilé;
15/03/2024;;x;;x;;;x;3;x;21;13;34,00%;;;voilé/beau/couvert;
16/03/2024;;;;;;;;;;19;15;39,00%;;;beau/voilé;
17/03/2024;;x;x;x;;;x;3;x;24;15;35,00%;;;beau;
18/03/2024;;;x;;;;x;2;x;21;13;46,00%;;;couvert/voilé;
19/03/2024;;x;;x;;;x;3;x;22;14;41,00%;;;beau;24°C vers 16h
20/03/2024;;;x;x;;;;;;21;12;58,00%;;;voilé/couvert;vent toute la journée
21/03/2024;;x;x;;;;x;3;x;24;14;43,00%;;;couvert/voilé;
22/03/2024;;x;;x;;;x;3;x;26;11;35,00%;;;beau;
23/03/2024;;;x;x;;;x;2;x;10;10;77,00%;;;bruine/couvert/éclaircies;
24/03/2024;Très malade;x;;x;;;x;2;;oubli;11;oubli;;;assez beau;
25/03/2024;;;x;;;;;1;x;13 environ;10;absente;;;absente;
26/03/2024;;x;x;x;;;x;3;x;7;5;65,00%;;7;pluie/gris;
27/03/2024;;x;x;x;problème;;x;3;x;14;12;40,00%;;4;voilé/pluie;
28/03/2024;;;;;;;x;2;x;19;12;36,00%;;;beau;
29/03/2024;;x;;x;;;;2;x;21;9;47,00%;;2;voilé/vent/pluie;
30/03/2024;;;;x;;;x;1;;22;10;33,00%;;;beau;
31/03/2024;;x;x;;;;x;3;x;15;9;50,00%;;5;voilé/vent/orages;1 œuf de marans trouvé dans le poulailler
01/04/2024;;;;x;;;x;2;x;17;6;39,00%;;2;beau/orages/beau;
02/04/2024;;x;x;x;;;;1;;19;11;33,00%;;;beau/couvert;
03/04/2024;;x(cassé);x;;;;x;3;x;17;13;37,00%;;;nuageux/beau;
04/04/2024;;;x;x;;;x;1;;25;15;31,00%;;;beau;
05/04/2024;;x;;x;;;;2;x(cassé);25;14;40,00%;;;beau/vent;
06/04/2024;;x;x;x;;;x;3;x;18;16;56,00%;;;couvert/vent;sable du Sahara
07/04/2024;;;;x;;;x;1;;20;15;53,00%;;;couvert/vent/éclaircies;sable du Sahara
08/04/2024;;x;x;;;x(mou);x;2;;22;13;51,00%;;2;couvert/voilé/pluie;sable du Sahara
09/04/2024;;;x(mou) ?;x;;;x;;x;13;8;42,00%;;11;giboulées;un œuf sans coquille dans le pondoir
10/04/2024;;x;x;x;;;x;3;x;12;10;49,00%;;;éclaircies/vent;
11/04/2024;;x?(cassé);x;x;;;;1;;20;12;30,00%;;;beau/qq nuages;
12/04/2024;;;x;;;;x;1;;24;16;36,00%;;;beau;
13/04/2024;;x;x;;;;;2;x;27;19;27,00%;;;beau;
14/04/2024;;x;x;x;;;x;3;x;26;20;34,00%;;;beau;29°C dans l’après midi
15/04/2024;;;;x;;;x;2;x(cassé);16;12;68,00%;;;couvert;
16/04/2024;;x;;x;;;;2;x;8;8;79,00%;;4;couvert/pluie/vent/éclaircies;
17/04/2024;implant;;x;;;;x;1;;13;10;61,00%;;0,5;couvert/pluie fine/éclaircie;
18/04/2024;;x;;x;;;x;2;x;12;6;60,00%;;4;giboulées;
19/04/2024;;x;x;x;;;;2;x;19;10;30,00%;;;beau;petite gelée matinale/1 œuf cassé dans le pondoir
20/04/2024;;;x;x;;;x;2;x(double);19;11;35,00%;;;beau/qq nuages;
21/04/2024;;x;;;;;x;3;x;14;10;35,00%;;;beau/vent;petite gelée matinale
22/04/2024;;x(cassé);x;x;;ajout calcium;;1;;12;7;35,00%;;;qq nuages/vent;
23/04/2024;;;;x;;;x;2;x;9;6;45,00%;;;nuageux/vent;
24/04/2024;fin traitement;x;x;x;;;x;3;x;12;8;39,00%;;0,5;couvert/vent;
25/04/2024;;x ?;x;x;;;x;2;;15;9;38,00%;;5;nuageux/pluie;
26/04/2024;;;x;;;;x;1;;18;12;39,00%;;;beau/nuageux;
27/04/2024;;x;x;x;;;x;2;;20;11;45,00%;;2;nuageux/vent/pluie;
28/04/2024;;;x;x;;;;1;x;14;10;54,00%;;14;couvert/pluie;
29/04/2024;;x;x;x;;;x;2;;11;oubli;75,00%;;9;pluie;
30/04/2024;;x;;;;;;1;;13;11;63,00%;;;couvert/éclaircies;
01/05/2024;;;x;x;;;;0;;10;6;77,00%;;15;pluie;
02/05/2024;;;x;x;;;x;2;x;11;8;55,00%;;;couvert/vent/éclaircies;
03/05/2024;;;x;x;;;x;1;;18;13;31,00%;;;beau/couvert;
04/05/2024;;;;x;;;x;2;x;23;17;36,00%;;;couvert/éclaircies;
05/05/2024;;x;x;x;;;;1;;22;13;49,00%;;17;beau/orages;
06/05/2024;;;x;x;;;x;2;x;12;10;66,00%;;4;pluie;
07/05/2024;;x;;x;;;x;3;x;13;10;56,00%;;6;éclaircie/vent/pluie;
08/05/2024;;;;;;;;1;x;20;14;38,00%;;;éclaircie/vent;
09/05/2024;;x;x;x;;;x;2;;25;15;30,00%;;;beau;
10/05/2024;;x;;x;;;x;2;;26;20;37,00%;;;beau;
11/05/2024;;;x;x;;;;1;x;27;18;37,00%;;;beau/couvert;
12/05/2024;;x;x;x;;;x;3;x;16;15;71,00%;;;nuageux/orageux;
13/05/2024;;x;x;x;;;x;3;x;19;17;48,00%;;;couvert/voilé;
14/05/2024;;;x;;;;x;1;;13;11;65,00%;;17;pluie/éclaircies;
15/05/2024;;x;x;x;;;x;2;;15;10;43,00%;;8;pluie/éclaircies/pluie;6°C ce matin
16/05/2024;;;;;;;;1;x;14;12;60,00%;;5;éclaircies/pluie;
17/05/2024;;;;x;;;x;2;x;17;14;49,00%;;8;éclaircies/pluie;
18/05/2024;;x;x;;;;x;2;;15;14;49,00%;;;éclaircies;
19/05/2024;;;x;x;;;x;2;x;14;12;77,00%;;3;éclaircie/pluie;
20/05/2024;;;x;x;;;;1;x;18;12;47,00%;;;nuageux/pluie;
21/05/2024;;x;;x;;;x;2;;17;13;46,00%;;;nuageux/éclaircies;
22/05/2024;;x;x;;;arrêt calcium;x;2;;17;12;51,00%;;7;nuageux/pluie;
23/05/2024;;;x;x;;;;;;17;oubli;54,00%;;1;couvert/pluie;
24/05/2024;;;x;;;;;;x;16;14;56,00%;;;pluie/couvert;
25/05/2024;;x;;x;;;x;3;x;25;16;41,00%;;;voilé;
26/05/2024;;;x;x;;;x;2;x;20;16;50,00%;;;éclaircies/couvert;
27/05/2024;;;;x;;;x;2;x;14;13;71,00%;;4;pluie/couvert;
28/05/2024;;x;x;x;;;;2;x;26;15;35,00%;;;beau;
29/05/2024;;x;x;x;;;x;2;;24;18;42,00%;;;voilé/couvert;
30/05/2024;;;;;;;x;1;;17;15;75,00%;;2;pluie/éclaircies;
31/05/2024;;x;;x;veut pondre;;x;3;x;21;14;36,00%;;;beau;
01/06/2024;;x;;x;;;x;3;x;18;14;55,00%;;;nuageux/;
02/06/2024;;;x;x;;;x;1;;18;15;52,00%;;;nuageux/;
03/06/2024;;;x;x;;;x;2;x;24;17;37,00%;;;beau/vent;
04/06/2024;;;x;x;;;;1;x;24;20;41,00%;;;éclaircies;attaque de rapace/Rémiel blessée
05/06/2024;;x;x;;;;x;3;x;29;20;35,00%;;;beau;
06/06/2024;;;x;x;;;x;1;;28;22;46,00%;;;beau;
07/06/2024;;x;;;;;;2;x(cassé);26;23;58,00%;;;couvert/lourd;
08/06/2024;;;x;x;;;x;2;x;25;19;60,00%;;;couvert/lourd;
09/06/2024;;x;x;x;;;x;2;;16;15;82,00%;;1;pluie/couvert;
10/06/2024;;;;x;;;;;x;23;17;38,00%;;;couvert/éclaircies;
11/06/2024;;x;;;;;x;2;;19;15;52,00%;;1;bruine/nuageux;
12/06/2024;;x;x;x;;;;2;x;16;12;56,00%;;;couvert/qq gouttes;
13/06/2024;;;x;x;;;x;1;;22;oubli;43,00%;;;beau;
14/06/2024;;;x;x;;;x;1;;25;21;37,00%;;;beau;
15/06/2024;;x(cassé);x;;;retrait point;x;2;;16;13;68,00%;;7;pluie/couvert;
16/06/2024;;x;x;x;;;;2(+3);x;27;20;39,00%;;;beau;Trouvé 3 œufs de marans dans le jardin (date de ponte?)
17/06/2024;;x;;x;;;;2;x;19;19;42,00%;;;beau/couvert;
18/06/2024;;x;x;x;;;x;3;x(cassé);26;21;55,00%;;;qq nuages/beau/vent;
19/06/2024;;x;x;;;;x;2;;20;17;72,00%;;11;couvert/bruine/orage;
20/06/2024;;x;x;x;;;x;2;;17;13;73,00%;;9;pluie/couvert;
21/06/2024;;;x;x;;;;;;oubli;16;oubli;;;assez beau/ vent;
22/06/2024;;x;;x;;;x;3;x(cassé);20;15;47,00%;;1;éclaircies/pluie;
23/06/2024;;x;x;x;;;x;2;;19;17;50,00%;;;couvert/éclaircies;
24/06/2024;;;x;;;;;1;x;26;16;39,00%;;;beau;
25/06/2024;;;x (couve);x;;;x;2;x(cassé);28;22;40,00%;;;beau;
26/06/2024;;;;x;;;x;1(+1);;30;oubli;36,00%;;;beau;Trouvé 1 œuf de marans dans le jardin
27/06/2024;;x;;x;;;;2;x;31;25;49,00%;;;beau/orageux;
28/06/2024;;x;;;;;;2;x;25;23;64,00%;;;couvert;
29/06/2024;;x;;x;;;x;2;;18;17;81,00%;;12;couvert/orages;
30/06/2024;;x;;x;;;x;2;;22;oubli;54,00%;;;couvert;
01/07/2024;;;;;;;;1;x;17;17;70,00%;;2;pluie/éclaircies;
02/07/2024;;x;;x;;;x;2(+3);;20;16;50,00%;;;éclaircie;
03/07/2024;;;;;;;;1;x;24;18;36,00%;;;belles éclaircies/vent;
04/07/2024;;x;;;;;;1;;25;20;45,00%;;;éclaircie/couvert;
05/07/2024;;;;x;;;;1;x(cassé);abs;23;absente;;;beau/chaud;absente toute la journée/environ 30°C
06/07/2024;;x;;x;;;;1;;17;16;79,00%;;25;orages;
07/07/2024;;x;;;;;;1;;18;15;56,00%;;;couvert/éclaircies/beau;décès de Shrek
08/07/2024;;;;x;;;x;1;;27;21;50,00%;;;beau/vent;
09/07/2024;;x;;x;;;;1;;30;23;53,00%;;;voilé;
10/07/2024;;x;;;;;;1;;27;23;44,00%;;;beau;
11/07/2024;;;arrêt couvade;;;;;0;;33;25;38,00%;;;beau/orageux;
12/07/2024;;x;;x;;;;1;;19;17;77,00%;;7;couvert/pluie;
13/07/2024;;;;x;;;x;2;x(cassé);18;18;49,00%;;;couvert/éclaircies;
14/07/2024;;x;;;;;x;2;;26;24;50,00%;;;beau;
15/07/2024;;;;;;;;0;;30;oubli;44,00%;;;beau/orageux;
16/07/2024;;x;;x;;;;1;;23;oubli;47,00%;;2;pluie/couvert;
17/07/2024;;;;;;;;1;x;30;20;40,00%;;;voilé/beau;
18/07/2024;;x;;x;;;;1;;31;25;41,00%;;;beau;
19/07/2024;;;;;;;x;1;;32;25;40,00%;;;voilé/beau;
20/07/2024;;;;;;;;1;x;29;25;53,00%;;;lourd;
21/07/2024;;;x;;;;;1;x;21;17;52,00%;;27;orages/éclaircies/pluie;
22/07/2024;;;;;;;;0;;21;18;52,00%;;;couvert/éclaircies;
23/07/2024;;x;;x;;;;1;;28;oubli;42,00%;;;beau;
24/07/2024;;;x;x;;;;0;;28;oubli;48,00%;;;voilé;
25/07/2024;;;;x;;;;1(+1);x;27;23;45,00%;;;brumeux/beau;1 œuf de marans trouvé dans le jardin
26/07/2024;;x;x;;;;;2;x;30;24;45,00%;;;nuageux/;
27/07/2024;;;x;x;;;;0;;26;23;60,00%;;;brumeux/couvert;Nina coup de chaud à 5h du mat/changement de poulailler le soir
28/07/2024;;;;x;;;x(cassé);2;x(cassé);31;25;45,00%;;;beau;
29/07/2024;;x;;x;;;;1;;35;26;30,00%;;;beau;"alerte canicule/39;2°C relevé au Mas d’Azil"
30/07/2024;;;x;x;;;;1;x(cassé);35;22;40,00%;;5;beau/orage;alerte canicule+poussière du Sahara
31/07/2024;;;x;;;;;0;;33;26;43,00%;;;beau;alerte canicule
01/08/2024;;;;x;;;;1;x;23;23;71,00%;;;couvert/éclaircies;
02/08/2024;;;x;x;;;x;1;;22;oubli;74,00%;;4;pluie/couvert;
03/08/2024;;x;x;;;;;1(+1);;21;20;57,00%;;0,5;bruine/éclaircies/beau;1 œuf de marans trouvé dans le jardin (date de ponte?)
04/08/2024;;;x;x;;;x;1;;25;20;30,00%;;;beau;
05/08/2024;;x;;x;;;x;2;;30;21;42,00%;;;beau;
06/08/2024;;;x;;;;;0;;30;24;47,00%;;;orageux/mitigé;
07/08/2024;;x;x;;;;Nina mue;2;x(cassé);23;22;65,00%;;;couvert;
08/08/2024;;;x;x;;;;0;;32;23;35,00%;;;beau;
09/08/2024;;;;;;;;0;abcès;31;22;36,00%;;;beau;
10/08/2024;;;x;x;;;;0;;32;24;43,00%;;;beau;
11/08/2024;;x ?;x;;;;;1;;33;24;40,00%;;;beau;1 œuf de marans trouvé dans le jardin
12/08/2024;;;couve;x;;;;0;;24;24;70,00%;;;couvert/beau;
13/08/2024;;;;;;;;0;;25;22;65,00%;;2;couvert/pluie/éclaircies;
14/08/2024;;;;x;;;;0;;19;17;79,00%;;95;fortes pluie/acalmie;
15/08/2024;;;;x;;;;0;;24;19;50,00%;;5;pluie/éclaircies;
16/08/2024;;;;;;;;0;;28;22;42,00%;;;couvert/belles éclaircies;
17/08/2024;;x;;x;;;;1(+1);;29;oubli;45,00%;;;ensoleillé;œuf de marans trouvé dans le jardin
18/08/2024;;x;;x;;;;1;;25;19;51,00%;;5;pluie/éclaircies;
19/08/2024;;;;;;;;0;mue;27;17;34,00%;;;ensoleillé;
20/08/2024;;x;;x;;;;1;;26;20;35,00%;;;beau;
21/08/2024;;;;x;;;;0;;21;16;59,00%;;4;pluie/couvert/éclaircies;
22/08/2024;;;;;;;x;1;;27;20;37,00%;;;beau;
23/08/2024;;;;x;;;x;1;;20;22;67,00%;;;couvert/éclaircies;
24/08/2024;;x;;;;;;1;;31;21;49,00%;;37;beau/orages;alerte orange orages
25/08/2024;;;;x;;;x;1;;22;18;35,00%;;;couvert/éclaircies;
26/08/2024;;;;;;;;0;;24;oubli;30,00%;;;beau;
27/08/2024;;;;x;;;x;1;;oubli;22;oubli;;;beau;frais le matin puis chaud
28/08/2024;;x ?;;x;;;;1;;31;23;41,00%;;;beau;
29/08/2024;;;;;;;;0;;26;20;50,00%;;;couvert/éclaircies;
30/08/2024;;;;x;;;;0;;29;22;45,00%;;;beau;
31/08/2024;;x;;;;;x;2;;31;21;52,00%;;1;couvert/éclaircies/averses;
01/09/2024;;;;x;;;;0;;21;19;74,00%;;;pluie/couvert;
02/09/2024;;x;;;;;;1;;26;21;32,00%;;;beau;
03/09/2024;;;;x;;;;0;;18;18;80,00%;;10;pluie/bruine;
04/09/2024;;;;x;;;;0;;16;14;80,00%;;30;pluie;
05/09/2024;;;;;;;;0;;24;15;43,00%;;;éclaircie;
06/09/2024;;;;x;;;;0;;18;16;60,00%;;3;nuageux/pluie;
07/09/2024;;;;;;;;0;;21;16;64,00%;;;nuageux/;
08/09/2024;;;;x;;;;0;;19;15;69,00%;;4;éclaircies/dégradation/pluie;
09/09/2024;;;;;;;;0;;18;17;65,00%;;;couvert/éclaircies;
10/09/2024;;;;x;;;;0;;21;16;44,00%;;;éclaircie;
11/09/2024;;;;;;;;0;;23;16;43,00%;;19;éclaircie/pluie;
12/09/2024;;;;x;;;;0;;oubli;12;oubli;;1;pluie/éclaircies;
13/09/2024;;mue sévère;;;;;;0;;18;oubli;40,00%;;2;pluie/éclaircies;
14/09/2024;;;;x;;;;0;;20;10;32,00%;;;beau;
15/09/2024;;;;;;;;0;;17;12;42,00%;;;beau;Albertine fatiguée par sa mue/vitamines+vermifuge pour tt le monde
16/09/2024;;;;x;;;;0;;20;15;35,00%;;;beau;
17/09/2024;;;;;;;;0;;16;14;62,00%;;;couvert;
18/09/2024;;;;x;;;;0;;26;14;38,00%;;;beau;
19/09/2024;;;;;;;;0;;23;17;45,00%;;;beau;
20/09/2024;;;;x;;;;0;;20;16;71,00%;;1;couvert/pluie/éclaircies;
21/09/2024;;;;;;;;0;;22;16;57,00%;;6;nuageux/pluie;
22/09/2024;;;;;;;;0;;18;15;74,00%;;4;couvert/pluie;
23/09/2024;;;;x;;;;0;;19;15;53,00%;;14;pluie/éclaircies;
24/09/2024;;;;;;;;0;;oubli;15;oubli;;;beau;
25/09/2024;;;;;;;;0;;24;18;46,00%;;;beau/voilé;vent  
26/09/2024;;;;;;;;0;;17;15;83,00%;;5;couvert/pluie;
27/09/2024;;;;mue;;;;;;13;11;75,00%;;4;couvert/pluie;
28/09/2024;;;;;;;;;;17;9;47,00%;;;éclaircies;
29/09/2024;;;;;;;;;;22;9;38,00%;;;beau;
30/09/2024;;;;;;;;;;24;16;45,00%;;;beau;
01/10/2024;;;;;;;;;;22;18;60,00%;;;voilé;
02/10/2024;;;;;;;;;;17;11;63,00%;;16;pluie;
03/10/2024;;;;;;;;;;17;12;48,00%;;;éclaircie;
04/10/2024;;;;;;;;;;oubli;10;oubli;;;éclaircie;Cunégonde de retour avec les autres
05/10/2024;;;;;;;;;;27;14;27,00%;;;beau;retrait du voile d’ombrage
06/10/2024;;;;;;mue;;;;25;15;46,00%;;;voilé;
07/10/2024;;;;;;;;;;18;17;69,00%;;5;couvert/pluie;chaud en fin d’aprèm
08/10/2024;;;;;;;;;;25;16;37,00%;;;beau;
09/10/2024;;;mue;;;;;;;25;oubli;50,00%;;10;beau/pluie;tempête en début de soirée
10/10/2024;;;;;;;;;;17;11;50,00%;;1;pluie/éclaircies;
11/10/2024;;;;;;;;;;oubli;oubli;oubli;;;beau;
12/10/2024;;;;;;;;;;17;15;68,00%;;;couvert;
13/10/2024;;;;;;;;;;28;17;40,00%;;;beau;
14/10/2024;;;;;;;;;;24;17;55,00%;;;couvert;
15/10/2024;;;;;;;;;;20;16;73,00%;;;couvert;
16/10/2024;;;;;;;;;;23;17;50,00%;;;éclaircie;
17/10/2024;;enrhumée;;;;;;;;17;11;83,00%;;40;couvert/pluie;vigilance orange pluie/inondations
18/10/2024;;;;;;;;;;13;11;85,00%;;14;pluie;avicoryl
19/10/2024;;;;;;;;;;17;14;58,00%;;;éclaircie;
20/10/2024;;;;;;;;;;25;16;41,00%;;;beau;
21/10/2024;;;;;;;;;;23;16;45,00%;;;beau;
22/10/2024;;;;;;;;;;14;8;80,00%;;16;pluie;
23/10/2024;;;;;;;;;;oubli;14;oubli;;;brouillard/couvert;
24/10/2024;;;;;;;;;;23;14;46,00%;;;beau;
25/10/2024;;;;;;;;;;18;13;67,00%;;7;couvert/pluie;
26/10/2024;;;;;;;;;;12;11;81,00%;;6;pluie;
27/10/2024;;;;;;;;;;15;12;61,00%;;;bruine/couvert/éclaircies;
28/10/2024;;;;;;;;;;13;13;78,00%;;11;couvert/pluie;
29/10/2024;;;;;;;;;;15;14;74,00%;;1;brouillard/couvert;
30/10/2024;;;;;;;;;;22;14;53,00%;;;nuageux/couvert;
31/10/2024;;;;;;;;;;19;oubli;74,00%;;;beau;
01/11/2024;;;;;;;;;;24;14;44,00%;;;beau;
02/11/2024;;;;;;;;;;22;13;49,00%;;;couvert/éclaircies;
03/11/2024;;;;;;;;;;25;14;36,00%;;;beau;
04/11/2024;;;;;;;;;;18;14;68,00%;;;beau/nuageux;
05/11/2024;;;;;;;;;;21;13;49,00%;;;nuageux/;
06/11/2024;;;;;;;;;;25;14;38,00%;;;beau;
07/11/2024;;;;;;;;;;abs;13;absente;;;beau;
08/11/2024;;;;;;;;;;25;14;34,00%;;;beau/voilé;
09/11/2024;;;;;;;;;;16;11;74,00%;;19;couvert/pluie;
10/11/2024;;;;;;;;;;15;12;59,00%;;;pluie/couvert;
11/11/2024;;;;;;;;;;15;oubli;62,00%;;;couvert;
12/11/2024;;;;;;;;;;7;5;78,00%;;9;couvert/pluie;
13/11/2024;;;;;;;;;;10;6;74,00%;;;couvert;
14/11/2024;;;;;;;;;;oubli;6;oubli;;;beau;temps agréable, brouillard cette nuit
15/11/2024;;;;;;;;;;18;6;37,00%;;;beau;gelée matinale
16/11/2024;;;;;;;;;;21;9;34,00%;;;beau;
17/11/2024;;;;;;;;;;16;10;45,00%;;;voilé/couvert;venteux
18/11/2024;;;;;;;;;;11;7;64,00%;;;couvert;
19/11/2024;;;;;;;;;;13;10;69,00%;;;gris;
20/11/2024;;;;;;;;;;8;8;82,00%;;21;pluie;vigilance jaune pluie/inondations
21/11/2024;;;;;;;;;;16;11;52,00%;;;gris;tempête la nuit
22/11/2024;;;;;;;;;;8;3;66,00%;;;pluie/éclaircies;vent
23/11/2024;;;;;;;;;;oubli;6;oubli;;;beau;gelée matinale
24/11/2024;;;;;;;;;;22;11;42,00%;;;ensoleillé;
25/11/2024;;;;;;;;;;17;oubli;64,00%;;9;couvert/pluie;vent/19°C à 7h30 du mat
26/11/2024;;;;;;;;;;13;8;54,00%;;;gris;
27/11/2024;;;;;;;;;;18;6;31,00%;;;beau;aliment
28/11/2024;;;x;;;;;;;19;7;32,00%;;;beau;vitamines+avipar (vermifuge)
29/11/2024;;;;;;;;;;oubli;10;oubli;;;beau;même temps qu’hier/petite gelée matinale
30/11/2024;;;x;;;;;;;21;8;36,00%;;;beau;
01/12/2024;;;;;;;;;;22;11;37,00%;;;beau;
02/12/2024;;;x;;;;;;;11;10;82,00%;;9;couvert/pluie;
03/12/2024;;;;;;;;;;10;oubli;68,00%;;2;couvert/éclaircies/Pluie;
04/12/2024;;;x;;;;;;;oubli;3;oubli;;;éclaircies/beau;
05/12/2024;;;;;;;;;;14;9;33,00%;;;beau;petite gelée matinale
06/12/2024;;;x;;;;;;;13;12;82,00%;;6;pluie;vent
07/12/2024;;;;;;;;;;10;4;72,00%;;15;couvert/tempête;vigilance orange/pluie/grêle
08/12/2024;;;;;;;;;;6;4;70,00%;;17;couvert/pluie;tempête
09/12/2024;;;x;;;;;;;5;4;82,00%;;21;pluie;
10/12/2024;;;;;;;;;;4;2;71,00%;;;couvert;
11/12/2024;;;;;;;;;;5;2;68,00%;;;couvert/éclaircie;
12/12/2024;;;x;;;;;;;14;6;43,00%;;;éclaircie;
13/12/2024;;;x;;;;;;;13;4;45,00%;;;ensoleillé;
14/12/2024;;;;;;;;;;oubli;oubli;oubli;;5;ensoleillé/pluie;
15/12/2024;;;x;;;;;;;6;oubli;79,00%;;2;pluie/éclaircies;
16/12/2024;;;;;;;;;;15;oubli;38,00%;;;beau;gelée matinale
17/12/2024;;;x;;;;;;;oubli;;oubli;;;beau;gelée matinale
18/12/2024;;;;;;;;;;17;8;37,00%;;;beau;
19/12/2024;;;x;;;;;;;11;5;78,00%;;14;ensoleillé/pluie;tempête en fin de journée
20/12/2024;;;;;;;;;;10;5;38,00%;;;ensoleillé;
21/12/2024;;;x;;;;;;;8;10;80,00%;;2;pluie;
22/12/2024;;;x;;;;;;;12;oubli;62,00%;;14;couvert/pluie;tempête
23/12/2024;;;;;;;;;;5;;68,00%;;2;pluie;vent
24/12/2024;;;x;;;;;;;10;9;85,00%;;5;pluie;Cunégonde et Albertine enrhumées/avicoryl pour tt le monde
25/12/2024;;;x;;;;;;;8;6;81,00%;;1;brouillard épais;
26/12/2024;;;;;;;;;;6;6;77,00%;;;brouillard/;
27/12/2024;;;x;;;;;;;14;5;34,00%;;;brumeux/beau;
28/12/2024;;;;;;;;;;13;5;38,00%;;;beau;gelée matinale
29/12/2024;;;x;;;;;;;8;4;55,00%;;;éclaircie;gelée matinale
30/12/2024;;;;;;;;;;7;1;46,00%;;;beau/brouillard épais;gelée matinale
31/12/2024;;;x;;;;;;;9;0;40,00%;;;beau; gelée matinale
